,Name,Type,Total,HP,Attack,Defense,Sp.Atk,Sp.Def,Speed
1,Ivysaur,"['Grass', 'Poison']",405,60,62,63,80,80,60
2,Venusaur,"['Grass', 'Poison']",525,80,82,83,100,100,80
3,Venusaur Mega Venusaur,"['Grass', 'Poison']",625,80,100,123,122,120,80
5,Charmeleon,['Fire'],405,58,64,58,80,65,80
6,Charizard,"['Fire', 'Flying']",534,78,84,78,109,85,100
7,Charizard Mega Charizard X,"['Fire', 'Dragon']",634,78,130,111,130,85,100
8,Charizard Mega Charizard Y,"['Fire', 'Flying']",634,78,104,78,159,115,100
10,Wartortle,['Water'],405,59,63,80,65,80,58
11,Blastoise,['Water'],530,79,83,100,85,105,78
12,Blastoise Mega Blastoise,['Water'],630,79,103,120,135,115,78
15,Butterfree,"['Bug', 'Flying']",395,60,45,50,90,80,70
18,Beedrill,"['Bug', 'Poison']",395,65,90,40,45,80,75
19,Beedrill Mega Beedrill,"['Bug', 'Poison']",495,65,150,40,15,80,145
21,Pidgeotto,"['Normal', 'Flying']",349,63,60,55,50,50,71
22,Pidgeot,"['Normal', 'Flying']",479,83,80,75,70,70,101
23,Pidgeot Mega Pidgeot,"['Normal', 'Flying']",579,83,80,80,135,80,121
26,Raticate,['Normal'],413,55,81,60,50,70,97
27,Raticate Alolan Raticate,"['Dark', 'Normal']",413,75,71,70,40,80,77
29,Fearow,"['Normal', 'Flying']",442,65,90,65,61,61,100
31,Arbok,['Poison'],448,60,95,69,65,79,80
34,Raichu,['Electric'],485,60,90,55,90,80,110
35,Raichu Alolan Raichu,"['Electric', 'Psychic']",485,60,85,50,95,85,110
38,Sandslash,['Ground'],450,75,100,110,45,55,65
39,Sandslash Alolan Sandslash,"['Ice', 'Steel']",450,75,100,120,25,65,65
40,Nidoranâ™€,['Poison'],275,55,47,52,40,40,41
41,Nidorina,['Poison'],365,70,62,67,55,55,56
42,Nidoqueen,"['Poison', 'Ground']",505,90,92,87,75,85,76
44,Nidorino,['Poison'],365,61,72,57,55,55,65
45,Nidoking,"['Poison', 'Ground']",505,81,102,77,85,75,85
46,Clefairy,['Fairy'],323,70,45,48,60,65,35
47,Clefable,['Fairy'],483,95,70,73,95,90,60
50,Ninetales,['Fire'],505,73,76,75,81,100,100
51,Ninetales Alolan Ninetales,"['Ice', 'Fairy']",505,73,67,75,81,100,109
52,Jigglypuff,"['Normal', 'Fairy']",270,115,45,20,45,25,20
53,Wigglytuff,"['Normal', 'Fairy']",435,140,70,45,85,50,45
55,Golbat,"['Poison', 'Flying']",455,75,80,70,65,75,90
57,Gloom,"['Grass', 'Poison']",395,60,65,70,85,75,40
58,Vileplume,"['Grass', 'Poison']",490,75,80,85,110,90,50
60,Parasect,"['Bug', 'Grass']",405,60,95,80,60,80,30
61,Venonat,"['Bug', 'Poison']",305,60,55,50,40,55,45
62,Venomoth,"['Bug', 'Poison']",450,70,65,60,90,75,90
70,Persian,['Normal'],440,65,70,60,65,65,115
71,Persian Alolan Persian,['Dark'],440,65,60,60,75,65,115
73,Golduck,['Water'],500,80,82,78,95,80,85
75,Primeape,['Fighting'],455,65,105,60,60,70,95
76,Growlithe,['Fire'],350,55,70,45,70,50,60
77,Arcanine,['Fire'],555,90,110,80,100,80,95
79,Poliwhirl,['Water'],385,65,65,65,50,50,90
80,Poliwrath,"['Water', 'Fighting']",510,90,95,95,70,90,70
83,Alakazam,['Psychic'],500,55,50,45,135,95,120
84,Alakazam Mega Alakazam,['Psychic'],600,55,50,65,175,105,150
85,Machop,['Fighting'],305,70,80,50,35,35,35
86,Machoke,['Fighting'],405,80,100,70,50,60,45
87,Machamp,['Fighting'],505,90,130,80,65,85,55
89,Weepinbell,"['Grass', 'Poison']",390,65,90,50,85,45,55
90,Victreebel,"['Grass', 'Poison']",490,80,105,65,100,70,70
92,Tentacruel,"['Water', 'Poison']",515,80,70,65,80,120,100
95,Graveler,"['Rock', 'Ground']",390,55,95,115,45,45,35
96,Graveler Alolan Graveler,"['Rock', 'Electric']",390,55,95,115,45,45,35
97,Golem,"['Rock', 'Ground']",495,80,120,130,55,65,45
98,Golem Alolan Golem,"['Rock', 'Electric']",495,80,120,130,55,65,45
101,Rapidash,['Fire'],500,65,100,70,80,80,105
102,Rapidash Galarian Rapidash,"['Psychic', 'Fairy']",500,65,100,70,80,80,105
103,Slowpoke,"['Water', 'Psychic']",315,90,65,65,40,40,15
104,Slowpoke Galarian Slowpoke,['Psychic'],315,90,65,65,40,40,15
105,Slowbro,"['Water', 'Psychic']",490,95,75,110,100,80,30
106,Slowbro Mega Slowbro,"['Water', 'Psychic']",590,95,75,180,130,80,30
107,Slowbro Galarian Slowbro,"['Poison', 'Psychic']",490,95,100,95,100,70,30
110,Farfetch'd,"['Normal', 'Flying']",377,52,90,55,58,62,60
111,Farfetch'd Galarian Farfetch'd,['Fighting'],377,52,95,55,58,62,55
113,Dodrio,"['Normal', 'Flying']",470,60,110,70,60,60,110
114,Seel,['Water'],325,65,45,55,45,70,45
115,Dewgong,"['Water', 'Ice']",475,90,70,80,70,95,70
116,Grimer,['Poison'],325,80,80,50,40,50,25
117,Grimer Alolan Grimer,"['Poison', 'Dark']",325,80,80,50,40,50,25
118,Muk,['Poison'],500,105,105,75,65,100,50
119,Muk Alolan Muk,"['Poison', 'Dark']",500,105,105,75,65,100,50
124,Gengar,"['Ghost', 'Poison']",500,60,65,60,130,75,110
125,Gengar Mega Gengar,"['Ghost', 'Poison']",600,60,65,80,170,95,130
127,Drowzee,['Psychic'],328,60,48,45,43,90,42
128,Hypno,['Psychic'],483,85,73,70,73,115,67
130,Kingler,['Water'],475,55,130,115,50,50,75
132,Electrode,['Electric'],490,60,50,70,80,80,150
133,Exeggcute,"['Grass', 'Psychic']",325,60,40,80,60,45,40
134,Exeggutor,"['Grass', 'Psychic']",530,95,95,85,125,75,55
135,Exeggutor Alolan Exeggutor,"['Grass', 'Dragon']",530,95,105,85,125,75,45
137,Marowak,['Ground'],425,60,80,110,50,80,45
138,Marowak Alolan Marowak,"['Fire', 'Ghost']",425,60,80,110,50,80,45
141,Lickitung,['Normal'],385,90,55,75,60,75,30
143,Weezing,['Poison'],490,65,90,120,85,70,60
144,Weezing Galarian Weezing,"['Poison', 'Fairy']",490,65,90,120,85,70,60
145,Rhyhorn,"['Ground', 'Rock']",345,80,85,95,30,30,25
146,Rhydon,"['Ground', 'Rock']",485,105,130,120,45,45,40
147,Chansey,['Normal'],450,250,5,5,35,105,50
148,Tangela,['Grass'],435,65,55,115,100,40,60
149,Kangaskhan,['Normal'],490,105,95,80,40,80,90
150,Kangaskhan Mega Kangaskhan,['Normal'],590,105,125,100,60,100,100
152,Seadra,['Water'],440,55,65,95,95,45,85
154,Seaking,['Water'],450,80,92,65,65,80,68
156,Starmie,"['Water', 'Psychic']",520,60,75,85,100,85,115
159,Scyther,"['Bug', 'Flying']",500,70,110,80,55,80,105
160,Jynx,"['Ice', 'Psychic']",455,65,50,35,115,95,95
161,Electabuzz,['Electric'],490,65,83,57,95,85,105
162,Magmar,['Fire'],495,65,95,57,100,85,93
163,Pinsir,['Bug'],500,65,125,100,55,70,85
164,Pinsir Mega Pinsir,"['Bug', 'Flying']",600,65,155,120,65,90,105
165,Tauros,['Normal'],490,75,100,95,40,70,110
167,Gyarados,"['Water', 'Flying']",540,95,125,79,60,100,81
168,Gyarados Mega Gyarados,"['Water', 'Dark']",640,95,155,109,70,130,81
169,Lapras,"['Water', 'Ice']",535,130,85,80,85,95,60
171,Eevee,['Normal'],325,55,55,50,45,65,55
172,Eevee Partner Eevee,['Normal'],435,65,75,70,65,85,75
173,Vaporeon,['Water'],525,130,65,60,110,95,65
174,Jolteon,['Electric'],525,65,65,60,110,95,130
175,Flareon,['Fire'],525,65,130,60,95,110,65
176,Porygon,['Normal'],395,65,60,70,85,75,40
178,Omastar,"['Rock', 'Water']",495,70,60,125,115,70,55
180,Kabutops,"['Rock', 'Water']",495,60,115,105,65,70,80
181,Aerodactyl,"['Rock', 'Flying']",515,80,105,65,60,75,130
182,Aerodactyl Mega Aerodactyl,"['Rock', 'Flying']",615,80,135,85,70,95,150
183,Snorlax,['Normal'],540,160,110,65,65,110,30
184,Articuno,"['Ice', 'Flying']",580,90,85,100,95,125,85
185,Zapdos,"['Electric', 'Flying']",580,90,90,85,125,90,100
186,Moltres,"['Fire', 'Flying']",580,90,100,90,125,85,90
188,Dragonair,['Dragon'],420,61,84,65,70,70,70
189,Dragonite,"['Dragon', 'Flying']",600,91,134,95,100,100,80
190,Mewtwo,['Psychic'],680,106,110,90,154,90,130
191,Mewtwo Mega Mewtwo X,"['Psychic', 'Fighting']",780,106,190,100,154,100,130
192,Mewtwo Mega Mewtwo Y,['Psychic'],780,106,150,70,194,120,140
193,Mew,['Psychic'],600,100,100,100,100,100,100
195,Bayleef,['Grass'],405,60,62,80,63,80,60
196,Meganium,['Grass'],525,80,82,100,83,100,80
198,Quilava,['Fire'],405,58,64,58,80,65,80
199,Typhlosion,['Fire'],534,78,84,78,109,85,100
201,Croconaw,['Water'],405,65,80,80,59,63,58
202,Feraligatr,['Water'],530,85,105,100,79,83,78
204,Furret,['Normal'],415,85,76,64,45,55,90
205,Hoothoot,"['Normal', 'Flying']",262,60,30,30,36,56,50
206,Noctowl,"['Normal', 'Flying']",452,100,50,50,86,96,70
208,Ledian,"['Bug', 'Flying']",390,55,35,50,55,110,85
210,Ariados,"['Bug', 'Poison']",400,70,90,70,60,70,40
211,Crobat,"['Poison', 'Flying']",535,85,90,80,70,80,130
212,Chinchou,"['Water', 'Electric']",330,75,38,38,56,56,67
213,Lanturn,"['Water', 'Electric']",460,125,58,58,76,76,67
216,Igglybuff,"['Normal', 'Fairy']",210,90,30,15,40,20,15
218,Togetic,"['Fairy', 'Flying']",405,55,40,85,80,105,40
220,Xatu,"['Psychic', 'Flying']",470,65,75,70,95,70,95
221,Mareep,['Electric'],280,55,40,40,65,45,35
222,Flaaffy,['Electric'],365,70,55,55,80,60,45
223,Ampharos,['Electric'],510,90,75,85,115,90,55
224,Ampharos Mega Ampharos,"['Electric', 'Dragon']",610,90,95,105,165,110,45
225,Bellossom,['Grass'],490,75,80,95,90,100,50
226,Marill,"['Water', 'Fairy']",250,70,20,50,20,50,40
227,Azumarill,"['Water', 'Fairy']",420,100,50,80,60,80,50
228,Sudowoodo,['Rock'],410,70,100,115,30,65,30
229,Politoed,['Water'],500,90,75,75,90,100,70
231,Skiploom,"['Grass', 'Flying']",340,55,45,50,45,65,80
232,Jumpluff,"['Grass', 'Flying']",460,75,55,70,55,95,110
233,Aipom,['Normal'],360,55,70,55,40,55,85
235,Sunflora,['Grass'],425,75,75,55,105,85,30
236,Yanma,"['Bug', 'Flying']",390,65,65,45,75,45,95
237,Wooper,"['Water', 'Ground']",210,55,45,45,25,25,15
238,Quagsire,"['Water', 'Ground']",430,95,85,85,65,65,35
239,Espeon,['Psychic'],525,65,65,60,130,95,110
240,Umbreon,['Dark'],525,95,65,110,60,130,65
241,Murkrow,"['Dark', 'Flying']",405,60,85,42,85,42,91
242,Slowking,"['Water', 'Psychic']",490,95,75,80,100,110,30
243,Misdreavus,['Ghost'],435,60,60,60,85,85,85
245,Wobbuffet,['Psychic'],405,190,33,58,33,58,33
246,Girafarig,"['Normal', 'Psychic']",455,70,80,65,90,65,85
248,Forretress,"['Bug', 'Steel']",465,75,90,140,60,60,40
249,Dunsparce,['Normal'],415,100,70,70,65,65,45
250,Gligar,"['Ground', 'Flying']",430,65,75,105,35,65,85
251,Steelix,"['Steel', 'Ground']",510,75,85,200,55,65,30
252,Steelix Mega Steelix,"['Steel', 'Ground']",610,75,125,230,55,95,30
253,Snubbull,['Fairy'],300,60,80,50,40,40,30
254,Granbull,['Fairy'],450,90,120,75,60,60,45
255,Qwilfish,"['Water', 'Poison']",440,65,95,85,55,55,85
256,Scizor,"['Bug', 'Steel']",500,70,130,100,55,80,65
257,Scizor Mega Scizor,"['Bug', 'Steel']",600,70,150,140,65,100,75
259,Heracross,"['Bug', 'Fighting']",500,80,125,75,40,95,85
260,Heracross Mega Heracross,"['Bug', 'Fighting']",600,80,185,115,40,105,75
261,Sneasel,"['Dark', 'Ice']",430,55,95,55,35,75,115
262,Teddiursa,['Normal'],330,60,80,50,50,50,40
263,Ursaring,['Normal'],500,90,130,75,75,75,55
265,Magcargo,"['Fire', 'Rock']",430,60,50,120,90,80,30
267,Piloswine,"['Ice', 'Ground']",450,100,100,80,60,60,50
268,Corsola,"['Water', 'Rock']",410,65,55,95,65,95,35
269,Corsola Galarian Corsola,['Ghost'],410,60,55,100,65,100,30
271,Octillery,['Water'],480,75,105,75,105,75,45
273,Mantine,"['Water', 'Flying']",485,85,40,70,80,140,70
274,Skarmory,"['Steel', 'Flying']",465,65,80,140,40,70,70
276,Houndoom,"['Dark', 'Fire']",500,75,90,50,110,80,95
277,Houndoom Mega Houndoom,"['Dark', 'Fire']",600,75,90,90,140,90,115
278,Kingdra,"['Water', 'Dragon']",540,75,95,95,95,95,85
279,Phanpy,['Ground'],330,90,60,60,40,40,40
280,Donphan,['Ground'],500,90,120,120,60,60,50
281,Porygon2,['Normal'],515,85,80,90,105,95,60
282,Stantler,['Normal'],465,73,95,62,85,65,85
283,Smeargle,['Normal'],250,55,20,35,20,45,75
289,Miltank,['Normal'],490,95,80,105,40,70,100
290,Blissey,['Normal'],540,255,10,10,75,135,55
291,Raikou,['Electric'],580,90,85,75,115,100,115
292,Entei,['Fire'],580,115,115,85,90,75,100
293,Suicune,['Water'],580,100,75,115,90,115,85
295,Pupitar,"['Rock', 'Ground']",410,70,84,70,65,70,51
296,Tyranitar,"['Rock', 'Dark']",600,100,134,110,95,100,61
297,Tyranitar Mega Tyranitar,"['Rock', 'Dark']",700,100,164,150,95,120,71
298,Lugia,"['Psychic', 'Flying']",680,106,90,130,90,154,110
299,Ho-oh,"['Fire', 'Flying']",680,106,130,90,110,154,90
300,Celebi,"['Psychic', 'Grass']",600,100,100,100,100,100,100
303,Sceptile,['Grass'],530,70,85,65,105,85,120
304,Sceptile Mega Sceptile,"['Grass', 'Dragon']",630,70,110,75,145,85,145
306,Combusken,"['Fire', 'Fighting']",405,60,85,60,85,60,55
307,Blaziken,"['Fire', 'Fighting']",530,80,120,70,110,70,80
308,Blaziken Mega Blaziken,"['Fire', 'Fighting']",630,80,160,80,130,80,100
310,Marshtomp,"['Water', 'Ground']",405,70,85,70,60,70,50
311,Swampert,"['Water', 'Ground']",535,100,110,90,85,90,60
312,Swampert Mega Swampert,"['Water', 'Ground']",635,100,150,110,95,110,70
314,Mightyena,['Dark'],420,70,90,70,60,60,70
317,Linoone,['Normal'],420,78,70,61,50,61,100
318,Linoone Galarian Linoone,"['Dark', 'Normal']",420,78,70,61,50,61,100
321,Beautifly,"['Bug', 'Flying']",395,60,70,50,100,50,65
323,Dustox,"['Bug', 'Poison']",385,60,50,70,50,90,65
325,Lombre,"['Water', 'Grass']",340,60,50,50,60,70,50
326,Ludicolo,"['Water', 'Grass']",480,80,70,70,90,100,70
328,Nuzleaf,"['Grass', 'Dark']",340,70,70,40,60,40,60
329,Shiftry,"['Grass', 'Dark']",480,90,100,60,90,60,80
331,Swellow,"['Normal', 'Flying']",455,60,85,60,75,50,125
333,Pelipper,"['Water', 'Flying']",440,60,50,100,95,70,65
336,Gardevoir,"['Psychic', 'Fairy']",518,68,65,65,125,115,80
337,Gardevoir Mega Gardevoir,"['Psychic', 'Fairy']",618,68,85,65,165,135,100
339,Masquerain,"['Bug', 'Flying']",454,70,60,62,100,82,80
340,Shroomish,['Grass'],295,60,40,60,40,60,35
341,Breloom,"['Grass', 'Fighting']",460,60,130,80,60,60,70
342,Slakoth,['Normal'],280,60,60,60,35,35,30
343,Vigoroth,['Normal'],440,80,80,80,55,55,90
344,Slaking,['Normal'],670,150,160,100,95,65,100
346,Ninjask,"['Bug', 'Flying']",456,61,90,45,50,50,160
348,Whismur,['Normal'],240,64,51,23,51,23,28
349,Loudred,['Normal'],360,84,71,43,71,43,48
350,Exploud,['Normal'],490,104,91,63,91,73,68
351,Makuhita,['Fighting'],237,72,60,30,20,30,25
352,Hariyama,['Fighting'],474,144,120,60,40,60,50
356,Delcatty,['Normal'],400,70,65,65,55,55,90
362,Lairon,"['Steel', 'Rock']",430,60,90,140,50,50,40
363,Aggron,"['Steel', 'Rock']",530,70,110,180,60,60,50
364,Aggron Mega Aggron,['Steel'],630,70,140,230,60,80,50
366,Medicham,"['Fighting', 'Psychic']",410,60,60,75,60,75,80
367,Medicham Mega Medicham,"['Fighting', 'Psychic']",510,60,100,85,80,85,100
369,Manectric,['Electric'],475,70,75,60,105,60,105
370,Manectric Mega Manectric,['Electric'],575,70,75,80,135,80,135
371,Plusle,['Electric'],405,60,50,40,85,75,95
372,Minun,['Electric'],405,60,40,50,75,85,95
373,Volbeat,['Bug'],430,65,73,75,47,85,85
374,Illumise,['Bug'],430,65,47,75,73,85,85
376,Gulpin,['Poison'],302,70,43,53,43,53,40
377,Swalot,['Poison'],467,100,73,83,73,83,55
379,Sharpedo,"['Water', 'Dark']",460,70,120,40,95,40,95
380,Sharpedo Mega Sharpedo,"['Water', 'Dark']",560,70,140,70,110,65,105
381,Wailmer,['Water'],400,130,70,35,70,35,60
382,Wailord,['Water'],500,170,90,45,90,45,60
383,Numel,"['Fire', 'Ground']",305,60,60,40,65,45,35
384,Camerupt,"['Fire', 'Ground']",460,70,100,70,105,75,40
385,Camerupt Mega Camerupt,"['Fire', 'Ground']",560,70,120,100,145,105,20
386,Torkoal,['Fire'],470,70,85,140,85,70,20
387,Spoink,['Psychic'],330,60,25,35,70,80,60
388,Grumpig,['Psychic'],470,80,45,65,90,110,80
389,Spinda,['Normal'],360,60,60,60,60,60,60
392,Flygon,"['Ground', 'Dragon']",520,80,100,80,80,80,100
394,Cacturne,"['Grass', 'Dark']",475,70,115,60,115,60,55
396,Altaria,"['Dragon', 'Flying']",490,75,70,90,70,105,80
397,Altaria Mega Altaria,"['Dragon', 'Fairy']",590,75,110,110,110,105,80
398,Zangoose,['Normal'],458,73,115,60,60,60,90
399,Seviper,['Poison'],458,73,100,60,100,60,65
400,Lunatone,"['Rock', 'Psychic']",460,90,55,65,95,85,70
401,Solrock,"['Rock', 'Psychic']",460,90,95,85,55,65,70
403,Whiscash,"['Water', 'Ground']",468,110,78,73,76,71,60
405,Crawdaunt,"['Water', 'Dark']",468,63,120,85,90,55,55
407,Claydol,"['Ground', 'Psychic']",500,60,70,105,70,120,75
408,Lileep,"['Rock', 'Grass']",355,66,41,77,61,87,23
409,Cradily,"['Rock', 'Grass']",495,86,81,97,81,107,43
411,Armaldo,"['Rock', 'Bug']",495,75,125,100,70,80,45
413,Milotic,['Water'],540,95,60,79,100,125,81
414,Castform,['Normal'],420,70,70,70,70,70,70
415,Castform Sunny Form,['Fire'],420,70,70,70,70,70,70
416,Castform Rainy Form,['Water'],420,70,70,70,70,70,70
417,Castform Snowy Form,['Ice'],420,70,70,70,70,70,70
418,Kecleon,['Normal'],440,60,90,70,60,120,40
420,Banette,['Ghost'],455,64,115,65,83,63,65
421,Banette Mega Banette,['Ghost'],555,64,165,75,93,83,75
424,Tropius,"['Grass', 'Flying']",460,99,68,83,72,87,51
425,Chimecho,['Psychic'],455,75,50,80,95,90,65
426,Absol,['Dark'],465,65,130,60,75,60,75
427,Absol Mega Absol,['Dark'],565,65,150,60,115,60,115
428,Wynaut,['Psychic'],260,95,23,48,23,48,23
430,Glalie,['Ice'],480,80,80,80,80,80,80
431,Glalie Mega Glalie,['Ice'],580,80,120,80,120,80,100
432,Spheal,"['Ice', 'Water']",290,70,40,50,55,50,25
433,Sealeo,"['Ice', 'Water']",410,90,60,70,75,70,45
434,Walrein,"['Ice', 'Water']",530,110,80,90,95,90,65
436,Huntail,['Water'],485,55,104,105,94,75,52
437,Gorebyss,['Water'],485,55,84,105,114,75,52
438,Relicanth,"['Water', 'Rock']",485,100,90,130,45,65,55
441,Shelgon,['Dragon'],420,65,95,100,60,50,50
442,Salamence,"['Dragon', 'Flying']",600,95,135,80,110,80,100
443,Salamence Mega Salamence,"['Dragon', 'Flying']",700,95,145,130,120,90,120
445,Metang,"['Steel', 'Psychic']",420,60,75,100,55,80,50
446,Metagross,"['Steel', 'Psychic']",600,80,135,130,95,90,70
447,Metagross Mega Metagross,"['Steel', 'Psychic']",700,80,145,150,105,110,110
448,Regirock,['Rock'],580,80,100,200,50,100,50
449,Regice,['Ice'],580,80,50,100,100,200,50
450,Registeel,['Steel'],580,80,75,150,75,150,50
451,Latias,"['Dragon', 'Psychic']",600,80,80,90,110,130,110
452,Latias Mega Latias,"['Dragon', 'Psychic']",700,80,100,120,140,150,110
453,Latios,"['Dragon', 'Psychic']",600,80,90,80,130,110,110
454,Latios Mega Latios,"['Dragon', 'Psychic']",700,80,130,100,160,120,110
455,Kyogre,['Water'],670,100,100,90,150,140,90
456,Kyogre Primal Kyogre,['Water'],770,100,150,90,180,160,90
457,Groudon,['Ground'],670,100,150,140,100,90,90
458,Groudon Primal Groudon,"['Ground', 'Fire']",770,100,180,160,150,90,90
459,Rayquaza,"['Dragon', 'Flying']",680,105,150,90,150,90,95
460,Rayquaza Mega Rayquaza,"['Dragon', 'Flying']",780,105,180,100,180,100,115
461,Jirachi,"['Steel', 'Psychic']",600,100,100,100,100,100,100
466,Turtwig,['Grass'],318,55,68,64,45,55,31
467,Grotle,['Grass'],405,75,89,85,55,65,36
468,Torterra,"['Grass', 'Ground']",525,95,109,105,75,85,56
470,Monferno,"['Fire', 'Fighting']",405,64,78,52,78,52,81
471,Infernape,"['Fire', 'Fighting']",534,76,104,71,104,71,108
472,Piplup,['Water'],314,53,51,53,61,56,40
473,Prinplup,['Water'],405,64,66,68,81,76,50
474,Empoleon,"['Water', 'Steel']",530,84,86,88,111,101,60
476,Staravia,"['Normal', 'Flying']",340,55,75,50,40,40,80
477,Staraptor,"['Normal', 'Flying']",485,85,120,70,50,60,100
478,Bidoof,['Normal'],250,59,45,40,35,40,31
479,Bibarel,"['Normal', 'Water']",410,79,85,60,55,60,71
481,Kricketune,['Bug'],384,77,85,51,55,51,65
483,Luxio,['Electric'],363,60,85,49,60,49,60
484,Luxray,['Electric'],523,80,120,79,95,79,70
486,Roserade,"['Grass', 'Poison']",515,60,70,65,125,105,90
487,Cranidos,['Rock'],350,67,125,40,30,30,58
488,Rampardos,['Rock'],495,97,165,60,65,50,58
490,Bastiodon,"['Rock', 'Steel']",495,60,52,168,47,138,30
492,Wormadam Plant Cloak,"['Bug', 'Grass']",424,60,59,85,79,105,36
493,Wormadam Sandy Cloak,"['Bug', 'Ground']",424,60,79,105,59,85,36
494,Wormadam Trash Cloak,"['Bug', 'Steel']",424,60,69,95,69,95,36
495,Mothim,"['Bug', 'Flying']",424,70,94,50,94,50,66
497,Vespiquen,"['Bug', 'Flying']",474,70,80,102,80,102,40
498,Pachirisu,['Electric'],405,60,45,70,45,90,95
499,Buizel,['Water'],330,55,65,35,60,30,85
500,Floatzel,['Water'],495,85,105,55,85,50,115
502,Cherrim,['Grass'],450,70,60,70,87,78,85
503,Shellos,['Water'],325,76,48,48,57,62,34
504,Gastrodon,"['Water', 'Ground']",475,111,83,68,92,82,39
505,Ambipom,['Normal'],482,75,100,66,60,66,115
506,Drifloon,"['Ghost', 'Flying']",348,90,50,34,60,44,70
507,Drifblim,"['Ghost', 'Flying']",498,150,80,44,90,54,80
508,Buneary,['Normal'],350,55,66,44,44,56,85
509,Lopunny,['Normal'],480,65,76,84,54,96,105
510,Lopunny Mega Lopunny,"['Normal', 'Fighting']",580,65,136,94,54,96,135
511,Mismagius,['Ghost'],495,60,60,60,105,105,105
512,Honchkrow,"['Dark', 'Flying']",505,100,125,52,105,52,71
514,Purugly,['Normal'],452,71,82,64,64,59,112
516,Stunky,"['Poison', 'Dark']",329,63,63,47,41,41,74
517,Skuntank,"['Poison', 'Dark']",479,103,93,67,71,61,84
518,Bronzor,"['Steel', 'Psychic']",300,57,24,86,24,86,23
519,Bronzong,"['Steel', 'Psychic']",500,67,89,116,79,116,33
522,Happiny,['Normal'],220,100,5,5,15,65,30
523,Chatot,"['Normal', 'Flying']",411,76,65,45,92,42,91
525,Gible,"['Dragon', 'Ground']",300,58,70,45,40,45,42
526,Gabite,"['Dragon', 'Ground']",410,68,90,65,50,55,82
527,Garchomp,"['Dragon', 'Ground']",600,108,130,95,80,85,102
528,Garchomp Mega Garchomp,"['Dragon', 'Ground']",700,108,170,115,120,95,92
529,Munchlax,['Normal'],390,135,85,40,40,85,5
531,Lucario,"['Fighting', 'Steel']",525,70,110,70,115,70,90
532,Lucario Mega Lucario,"['Fighting', 'Steel']",625,70,145,88,140,70,112
533,Hippopotas,['Ground'],330,68,72,78,38,42,32
534,Hippowdon,['Ground'],525,108,112,118,68,72,47
536,Drapion,"['Poison', 'Dark']",500,70,90,110,60,75,95
538,Toxicroak,"['Poison', 'Fighting']",490,83,106,65,86,65,85
539,Carnivine,['Grass'],454,74,100,72,90,72,46
541,Lumineon,['Water'],460,69,69,76,69,86,91
543,Snover,"['Grass', 'Ice']",334,60,62,50,62,60,40
544,Abomasnow,"['Grass', 'Ice']",494,90,92,75,92,85,60
545,Abomasnow Mega Abomasnow,"['Grass', 'Ice']",594,90,132,105,132,105,30
546,Weavile,"['Dark', 'Ice']",510,70,120,65,45,85,125
547,Magnezone,"['Electric', 'Steel']",535,70,70,115,130,90,60
548,Lickilicky,['Normal'],515,110,85,95,80,95,50
549,Rhyperior,"['Ground', 'Rock']",535,115,140,130,55,55,40
550,Tangrowth,['Grass'],535,100,100,125,110,50,50
551,Electivire,['Electric'],540,75,123,67,95,85,95
552,Magmortar,['Fire'],540,75,95,67,125,95,83
553,Togekiss,"['Fairy', 'Flying']",545,85,50,95,120,115,80
554,Yanmega,"['Bug', 'Flying']",515,86,76,86,116,56,95
555,Leafeon,['Grass'],525,65,110,130,60,65,95
556,Glaceon,['Ice'],525,65,60,110,130,95,65
557,Gliscor,"['Ground', 'Flying']",510,75,95,125,45,75,95
558,Mamoswine,"['Ice', 'Ground']",530,110,130,80,70,60,80
559,Porygon-Z,['Normal'],535,85,80,70,135,75,90
560,Gallade,"['Psychic', 'Fighting']",518,68,125,65,65,115,80
561,Gallade Mega Gallade,"['Psychic', 'Fighting']",618,68,165,95,65,115,110
562,Probopass,"['Rock', 'Steel']",525,60,55,145,75,150,40
564,Froslass,"['Ice', 'Ghost']",480,70,80,70,80,70,110
571,Uxie,['Psychic'],580,75,75,130,75,130,95
572,Mesprit,['Psychic'],580,80,105,105,105,105,80
573,Azelf,['Psychic'],580,75,125,70,125,70,115
574,Dialga,"['Steel', 'Dragon']",680,100,120,120,150,100,90
575,Palkia,"['Water', 'Dragon']",680,90,120,100,150,120,100
576,Heatran,"['Fire', 'Steel']",600,91,90,106,130,106,77
577,Regigigas,['Normal'],670,110,160,110,80,110,100
578,Giratina Altered Forme,"['Ghost', 'Dragon']",680,150,100,120,100,120,90
579,Giratina Origin Forme,"['Ghost', 'Dragon']",680,150,120,100,120,100,90
580,Cresselia,['Psychic'],600,120,70,120,75,130,85
581,Phione,['Water'],480,80,80,80,80,80,80
582,Manaphy,['Water'],600,100,100,100,100,100,100
583,Darkrai,['Dark'],600,70,90,90,135,90,125
584,Shaymin Land Forme,['Grass'],600,100,100,100,100,100,100
585,Shaymin Sky Forme,"['Grass', 'Flying']",600,100,103,75,120,75,127
586,Arceus,['Normal'],720,120,120,120,120,120,120
587,Victini,"['Psychic', 'Fire']",600,100,100,100,100,100,100
589,Servine,['Grass'],413,60,60,75,60,75,83
590,Serperior,['Grass'],528,75,75,95,75,95,113
591,Tepig,['Fire'],308,65,63,45,45,45,45
592,Pignite,"['Fire', 'Fighting']",418,90,93,55,70,55,55
593,Emboar,"['Fire', 'Fighting']",528,110,123,65,100,65,65
594,Oshawott,['Water'],308,55,55,45,63,45,45
595,Dewott,['Water'],413,75,75,60,83,60,60
596,Samurott,['Water'],528,95,100,85,108,70,70
598,Watchog,['Normal'],420,60,85,69,60,69,77
600,Herdier,['Normal'],370,65,80,65,35,65,60
601,Stoutland,['Normal'],500,85,110,90,45,90,80
603,Liepard,['Dark'],446,64,88,50,88,50,106
605,Simisage,['Grass'],498,75,98,63,98,63,101
607,Simisear,['Fire'],498,75,98,63,98,63,101
609,Simipour,['Water'],498,75,98,63,98,63,101
610,Munna,['Psychic'],292,76,25,45,67,55,24
611,Musharna,['Psychic'],487,116,55,85,107,95,29
613,Tranquill,"['Normal', 'Flying']",358,62,77,62,50,42,65
614,Unfezant,"['Normal', 'Flying']",488,80,115,80,65,55,93
616,Zebstrika,['Electric'],497,75,100,63,80,63,116
617,Roggenrola,['Rock'],280,55,75,85,25,25,15
618,Boldore,['Rock'],390,70,105,105,50,40,20
619,Gigalith,['Rock'],515,85,135,130,60,80,25
620,Woobat,"['Psychic', 'Flying']",323,65,45,43,55,43,72
621,Swoobat,"['Psychic', 'Flying']",425,67,57,55,77,55,114
622,Drilbur,['Ground'],328,60,85,40,30,45,68
623,Excadrill,"['Ground', 'Steel']",508,110,135,60,50,65,88
624,Audino,['Normal'],445,103,60,86,60,86,50
625,Audino Mega Audino,"['Normal', 'Fairy']",545,103,60,126,80,126,50
626,Timburr,['Fighting'],305,75,80,55,25,35,35
627,Gurdurr,['Fighting'],405,85,105,85,40,50,40
628,Conkeldurr,['Fighting'],505,105,140,95,55,65,45
630,Palpitoad,"['Water', 'Ground']",384,75,65,55,65,55,69
631,Seismitoad,"['Water', 'Ground']",509,105,95,75,85,75,74
632,Throh,['Fighting'],465,120,100,85,30,85,45
633,Sawk,['Fighting'],465,75,125,75,30,75,85
635,Swadloon,"['Bug', 'Grass']",380,55,63,90,50,80,42
636,Leavanny,"['Bug', 'Grass']",500,75,103,80,70,80,92
639,Scolipede,"['Bug', 'Poison']",485,60,100,89,55,69,112
641,Whimsicott,"['Grass', 'Fairy']",480,60,67,85,77,75,116
643,Lilligant,['Grass'],480,70,60,75,110,75,90
644,Basculin Red-Striped Form,['Water'],460,70,92,65,80,55,98
645,Basculin Blue-Striped Form,['Water'],460,70,92,65,80,55,98
647,Krokorok,"['Ground', 'Dark']",351,60,82,45,45,45,74
648,Krookodile,"['Ground', 'Dark']",519,95,117,80,65,70,92
649,Darumaka,['Fire'],315,70,90,45,15,45,50
650,Darumaka Galarian Darumaka,['Ice'],315,70,90,45,15,45,50
651,Darmanitan Standard Mode,['Fire'],480,105,140,55,30,55,95
652,Darmanitan Zen Mode,"['Fire', 'Psychic']",540,105,30,105,140,105,55
653,Darmanitan Galarian Standard Mode,['Ice'],480,105,140,55,30,55,95
654,Darmanitan Galarian Zen Mode,"['Ice', 'Fire']",540,105,160,55,30,55,135
655,Maractus,['Grass'],461,75,86,67,106,67,60
657,Crustle,"['Bug', 'Rock']",485,70,105,125,65,75,45
659,Scrafty,"['Dark', 'Fighting']",488,65,90,115,45,115,58
660,Sigilyph,"['Psychic', 'Flying']",490,72,58,80,103,80,97
663,Cofagrigus,['Ghost'],483,58,50,145,95,105,30
664,Tirtouga,"['Water', 'Rock']",355,54,78,103,53,45,22
665,Carracosta,"['Water', 'Rock']",495,74,108,133,83,65,32
666,Archen,"['Rock', 'Flying']",401,55,112,45,74,45,70
667,Archeops,"['Rock', 'Flying']",567,75,140,65,112,65,110
669,Garbodor,['Poison'],474,80,95,82,60,82,75
671,Zoroark,['Dark'],510,60,105,60,120,60,105
672,Minccino,['Normal'],300,55,50,40,40,40,75
673,Cinccino,['Normal'],470,75,95,60,65,60,115
675,Gothorita,['Psychic'],390,60,45,70,75,85,55
676,Gothitelle,['Psychic'],490,70,55,95,95,110,65
678,Duosion,['Psychic'],370,65,40,50,125,60,30
679,Reuniclus,['Psychic'],490,110,65,75,125,85,30
680,Ducklett,"['Water', 'Flying']",305,62,44,50,44,50,55
681,Swanna,"['Water', 'Flying']",473,75,87,63,87,63,98
683,Vanillish,['Ice'],395,51,65,65,80,75,59
684,Vanilluxe,['Ice'],535,71,95,85,110,95,79
685,Deerling,"['Normal', 'Grass']",335,60,60,50,40,50,75
686,Sawsbuck,"['Normal', 'Grass']",475,80,100,70,60,70,95
687,Emolga,"['Electric', 'Flying']",428,55,75,60,75,60,103
689,Escavalier,"['Bug', 'Steel']",495,70,135,105,60,105,20
690,Foongus,"['Grass', 'Poison']",294,69,55,45,55,55,15
691,Amoonguss,"['Grass', 'Poison']",464,114,85,70,85,80,30
692,Frillish,"['Water', 'Ghost']",335,55,40,50,65,85,40
693,Jellicent,"['Water', 'Ghost']",480,100,60,70,85,105,60
694,Alomomola,['Water'],470,165,75,80,40,45,65
696,Galvantula,"['Bug', 'Electric']",472,70,77,60,97,60,108
698,Ferrothorn,"['Grass', 'Steel']",489,74,94,131,54,116,20
700,Klang,['Steel'],440,60,80,95,70,85,50
701,Klinklang,['Steel'],520,60,100,115,70,85,90
703,Eelektrik,['Electric'],405,65,85,70,75,70,40
704,Eelektross,['Electric'],515,85,115,80,105,80,50
705,Elgyem,['Psychic'],335,55,55,55,85,55,30
706,Beheeyem,['Psychic'],485,75,75,75,125,95,40
708,Lampent,"['Ghost', 'Fire']",370,60,40,60,95,60,55
709,Chandelure,"['Ghost', 'Fire']",520,60,55,90,145,90,80
711,Fraxure,['Dragon'],410,66,117,70,40,50,67
712,Haxorus,['Dragon'],540,76,147,90,60,70,97
713,Cubchoo,['Ice'],305,55,70,40,60,40,40
714,Beartic,['Ice'],505,95,130,80,70,80,50
715,Cryogonal,['Ice'],515,80,50,50,95,135,105
717,Accelgor,['Bug'],495,80,70,40,100,60,145
718,Stunfisk,"['Ground', 'Electric']",471,109,66,84,81,99,32
719,Stunfisk Galarian Stunfisk,"['Ground', 'Steel']",471,109,81,99,66,84,32
721,Mienshao,['Fighting'],510,65,125,60,95,60,105
722,Druddigon,['Dragon'],485,77,120,90,60,90,48
723,Golett,"['Ground', 'Ghost']",303,59,74,50,35,50,35
724,Golurk,"['Ground', 'Ghost']",483,89,124,80,55,80,55
726,Bisharp,"['Dark', 'Steel']",490,65,125,100,60,70,70
727,Bouffalant,['Normal'],490,95,110,95,40,95,55
728,Rufflet,"['Normal', 'Flying']",350,70,83,50,37,50,60
729,Braviary,"['Normal', 'Flying']",510,100,123,75,57,75,80
730,Vullaby,"['Dark', 'Flying']",370,70,55,75,45,65,60
731,Mandibuzz,"['Dark', 'Flying']",510,110,65,105,55,95,80
732,Heatmor,['Fire'],484,85,97,66,105,66,65
733,Durant,"['Bug', 'Steel']",484,58,109,112,48,48,109
734,Deino,"['Dark', 'Dragon']",300,52,65,50,45,50,38
735,Zweilous,"['Dark', 'Dragon']",420,72,85,70,65,70,58
736,Hydreigon,"['Dark', 'Dragon']",600,92,105,90,125,90,98
737,Larvesta,"['Bug', 'Fire']",360,55,85,55,50,55,60
738,Volcarona,"['Bug', 'Fire']",550,85,60,65,135,105,100
739,Cobalion,"['Steel', 'Fighting']",580,91,90,129,90,72,108
740,Terrakion,"['Rock', 'Fighting']",580,91,129,90,72,90,108
741,Virizion,"['Grass', 'Fighting']",580,91,90,72,90,129,108
742,Tornadus Incarnate Forme,['Flying'],580,79,115,70,125,80,111
743,Tornadus Therian Forme,['Flying'],580,79,100,80,110,90,121
744,Thundurus Incarnate Forme,"['Electric', 'Flying']",580,79,115,70,125,80,111
745,Thundurus Therian Forme,"['Electric', 'Flying']",580,79,105,70,145,80,101
746,Reshiram,"['Dragon', 'Fire']",680,100,120,100,150,120,90
747,Zekrom,"['Dragon', 'Electric']",680,100,150,120,120,100,90
748,Landorus Incarnate Forme,"['Ground', 'Flying']",600,89,125,90,115,80,101
749,Landorus Therian Forme,"['Ground', 'Flying']",600,89,145,90,105,80,91
750,Kyurem,"['Dragon', 'Ice']",660,125,130,90,130,90,95
751,Kyurem Black Kyurem,"['Dragon', 'Ice']",700,125,170,100,120,90,95
752,Kyurem White Kyurem,"['Dragon', 'Ice']",700,125,120,90,170,100,95
753,Keldeo Ordinary Forme,"['Water', 'Fighting']",580,91,72,90,129,90,108
754,Keldeo Resolute Forme,"['Water', 'Fighting']",580,91,72,90,129,90,108
755,Meloetta Aria Forme,"['Normal', 'Psychic']",600,100,77,77,128,128,90
756,Meloetta Pirouette Forme,"['Normal', 'Fighting']",600,100,128,90,77,77,128
757,Genesect,"['Bug', 'Steel']",600,71,120,95,120,95,99
758,Chespin,['Grass'],313,56,61,65,48,45,38
759,Quilladin,['Grass'],405,61,78,95,56,58,57
760,Chesnaught,"['Grass', 'Fighting']",530,88,107,122,74,75,64
762,Braixen,['Fire'],409,59,59,58,90,70,73
763,Delphox,"['Fire', 'Psychic']",534,75,69,72,114,100,104
765,Frogadier,['Water'],405,54,63,52,83,56,97
766,Greninja,"['Water', 'Dark']",530,72,95,67,103,71,122
767,Greninja Ash-Greninja,"['Water', 'Dark']",640,72,145,67,153,71,132
769,Diggersby,"['Normal', 'Ground']",423,85,56,77,50,77,78
771,Fletchinder,"['Fire', 'Flying']",382,62,73,55,56,52,84
772,Talonflame,"['Fire', 'Flying']",499,78,81,71,74,69,126
775,Vivillon,"['Bug', 'Flying']",411,80,52,50,90,50,89
776,Litleo,"['Fire', 'Normal']",369,62,50,58,73,54,72
777,Pyroar,"['Fire', 'Normal']",507,86,68,72,109,66,106
779,Floette,['Fairy'],371,54,45,47,75,98,52
780,Florges,['Fairy'],552,78,65,68,112,154,75
781,Skiddo,['Grass'],350,66,65,48,62,57,52
782,Gogoat,['Grass'],531,123,100,62,97,81,68
783,Pancham,['Fighting'],348,67,82,62,46,48,43
784,Pangoro,"['Fighting', 'Dark']",495,95,124,78,69,71,58
785,Furfrou,['Normal'],472,75,80,60,65,90,102
786,Espurr,['Psychic'],355,62,48,54,63,60,68
787,Meowstic Male,['Psychic'],466,74,48,76,83,81,104
788,Meowstic Female,['Psychic'],466,74,48,76,83,81,104
790,Doublade,"['Steel', 'Ghost']",448,59,110,150,45,49,35
791,Aegislash Shield Forme,"['Steel', 'Ghost']",500,60,50,140,50,140,60
792,Aegislash Blade Forme,"['Steel', 'Ghost']",500,60,140,50,140,50,60
793,Spritzee,['Fairy'],341,78,52,60,63,65,23
794,Aromatisse,['Fairy'],462,101,72,72,99,89,29
795,Swirlix,['Fairy'],341,62,48,66,59,57,49
796,Slurpuff,['Fairy'],480,82,80,86,85,75,72
797,Inkay,"['Dark', 'Psychic']",288,53,54,53,37,46,45
798,Malamar,"['Dark', 'Psychic']",482,86,92,88,68,75,73
800,Barbaracle,"['Rock', 'Water']",500,72,105,115,54,86,68
802,Dragalge,"['Poison', 'Dragon']",494,65,75,90,97,123,44
804,Clawitzer,['Water'],500,71,73,88,120,89,59
806,Heliolisk,"['Electric', 'Normal']",481,62,55,52,109,94,109
807,Tyrunt,"['Rock', 'Dragon']",362,58,89,77,45,45,48
808,Tyrantrum,"['Rock', 'Dragon']",521,82,121,119,69,59,71
809,Amaura,"['Rock', 'Ice']",362,77,59,50,67,63,46
810,Aurorus,"['Rock', 'Ice']",521,123,77,72,99,92,58
811,Sylveon,['Fairy'],525,95,65,65,110,130,60
812,Hawlucha,"['Fighting', 'Flying']",500,78,92,75,74,63,118
813,Dedenne,"['Electric', 'Fairy']",431,67,58,57,81,67,101
816,Sliggoo,['Dragon'],452,68,75,53,83,113,60
817,Goodra,['Dragon'],600,90,100,70,110,150,80
818,Klefki,"['Steel', 'Fairy']",470,57,80,91,80,87,75
820,Trevenant,"['Ghost', 'Grass']",474,85,110,76,65,82,56
823,Pumpkaboo Large Size,"['Ghost', 'Grass']",335,54,66,70,44,55,46
824,Pumpkaboo Super Size,"['Ghost', 'Grass']",335,59,66,70,44,55,41
825,Gourgeist Average Size,"['Ghost', 'Grass']",494,65,90,122,58,75,84
826,Gourgeist Small Size,"['Ghost', 'Grass']",494,55,85,122,58,75,99
827,Gourgeist Large Size,"['Ghost', 'Grass']",494,75,95,122,58,75,69
828,Gourgeist Super Size,"['Ghost', 'Grass']",494,85,100,122,58,75,54
829,Bergmite,['Ice'],304,55,69,85,32,35,28
830,Avalugg,['Ice'],514,95,117,184,44,46,28
832,Noivern,"['Flying', 'Dragon']",535,85,70,80,97,80,123
833,Xerneas,['Fairy'],680,126,131,95,131,98,99
834,Yveltal,"['Dark', 'Flying']",680,126,131,95,131,98,99
835,Zygarde 50% Forme,"['Dragon', 'Ground']",600,108,100,121,81,95,95
836,Zygarde 10% Forme,"['Dragon', 'Ground']",486,54,100,71,61,85,115
837,Zygarde Complete Forme,"['Dragon', 'Ground']",708,216,100,121,91,95,85
840,Hoopa Hoopa Confined,"['Psychic', 'Ghost']",600,80,110,60,150,130,70
841,Hoopa Hoopa Unbound,"['Psychic', 'Dark']",680,80,160,60,170,130,80
842,Volcanion,"['Fire', 'Water']",600,80,110,120,130,90,70
843,Rowlet,"['Grass', 'Flying']",320,68,55,55,50,50,42
844,Dartrix,"['Grass', 'Flying']",420,78,75,75,70,70,52
845,Decidueye,"['Grass', 'Ghost']",530,78,107,75,100,100,70
847,Torracat,['Fire'],420,65,85,50,80,50,90
848,Incineroar,"['Fire', 'Dark']",530,95,115,90,80,90,60
850,Brionne,['Water'],420,60,69,69,91,81,50
851,Primarina,"['Water', 'Fairy']",530,80,74,74,126,116,60
853,Trumbeak,"['Normal', 'Flying']",355,55,85,50,40,50,75
854,Toucannon,"['Normal', 'Flying']",485,80,120,75,75,75,60
856,Gumshoos,['Normal'],418,88,110,60,55,60,45
858,Charjabug,"['Bug', 'Electric']",400,57,82,95,55,75,36
859,Vikavolt,"['Bug', 'Electric']",500,77,70,90,145,75,43
861,Crabominable,"['Fighting', 'Ice']",478,97,132,77,62,67,43
862,Oricorio Baile Style,"['Fire', 'Flying']",476,75,70,70,98,70,93
863,Oricorio Pom-Pom Style,"['Electric', 'Flying']",476,75,70,70,98,70,93
864,Oricorio Pa'u Style,"['Psychic', 'Flying']",476,75,70,70,98,70,93
865,Oricorio Sensu Style,"['Ghost', 'Flying']",476,75,70,70,98,70,93
867,Ribombee,"['Bug', 'Fairy']",464,60,55,60,95,70,124
870,Lycanroc Midday Form,['Rock'],487,75,115,65,55,65,112
871,Lycanroc Midnight Form,['Rock'],487,85,115,75,55,75,82
872,Lycanroc Dusk Form,['Rock'],487,75,117,65,55,65,110
877,Mudbray,['Ground'],385,70,100,70,45,55,45
878,Mudsdale,['Ground'],500,100,125,100,55,85,35
880,Araquanid,"['Water', 'Bug']",454,68,70,92,50,132,42
882,Lurantis,['Grass'],480,70,105,90,80,90,45
884,Shiinotic,"['Grass', 'Fairy']",405,60,45,80,90,100,30
886,Salazzle,"['Poison', 'Fire']",480,68,64,60,111,60,117
887,Stufful,"['Normal', 'Fighting']",340,70,75,50,45,50,50
888,Bewear,"['Normal', 'Fighting']",500,120,125,80,55,60,60
890,Steenee,['Grass'],290,52,40,48,40,48,62
891,Tsareena,['Grass'],510,72,120,98,50,98,72
892,Comfey,['Fairy'],485,51,52,90,82,110,100
893,Oranguru,"['Normal', 'Psychic']",490,90,60,80,90,110,60
894,Passimian,['Fighting'],490,100,120,90,40,60,80
896,Golisopod,"['Bug', 'Water']",530,75,125,140,60,90,40
897,Sandygast,"['Ghost', 'Ground']",320,55,55,80,70,45,15
898,Palossand,"['Ghost', 'Ground']",480,85,75,110,100,75,35
899,Pyukumuku,['Water'],410,55,60,130,30,130,5
900,Type: Null,['Normal'],534,95,95,95,95,95,59
901,Silvally,['Normal'],570,95,95,95,95,95,95
902,Minior Meteor Form,"['Rock', 'Flying']",440,60,60,100,60,100,60
903,Minior Core Form,"['Rock', 'Flying']",500,60,100,60,100,60,120
904,Komala,['Normal'],480,65,115,65,75,95,65
905,Turtonator,"['Fire', 'Dragon']",485,60,78,135,91,85,36
906,Togedemaru,"['Electric', 'Steel']",435,65,98,63,40,73,96
907,Mimikyu,"['Ghost', 'Fairy']",476,55,90,80,50,105,96
908,Bruxish,"['Water', 'Psychic']",475,68,105,70,70,70,92
909,Drampa,"['Normal', 'Dragon']",485,78,60,85,135,91,36
910,Dhelmise,"['Ghost', 'Grass']",517,70,131,100,86,90,40
912,Hakamo-o,"['Dragon', 'Fighting']",420,55,75,90,65,70,65
913,Kommo-o,"['Dragon', 'Fighting']",600,75,110,125,100,105,85
914,Tapu Koko,"['Electric', 'Fairy']",570,70,115,85,95,75,130
915,Tapu Lele,"['Psychic', 'Fairy']",570,70,85,75,130,115,95
916,Tapu Bulu,"['Grass', 'Fairy']",570,70,130,115,85,95,75
917,Tapu Fini,"['Water', 'Fairy']",570,70,75,115,95,130,85
920,Solgaleo,"['Psychic', 'Steel']",680,137,137,107,113,89,97
921,Lunala,"['Psychic', 'Ghost']",680,137,113,89,137,107,97
922,Nihilego,"['Rock', 'Poison']",570,109,53,47,127,131,103
923,Buzzwole,"['Bug', 'Fighting']",570,107,139,139,53,53,79
924,Pheromosa,"['Bug', 'Fighting']",570,71,137,37,137,37,151
925,Xurkitree,['Electric'],570,83,89,71,173,71,83
926,Celesteela,"['Steel', 'Flying']",570,97,101,103,107,101,61
927,Kartana,"['Grass', 'Steel']",570,59,181,131,59,31,109
928,Guzzlord,"['Dark', 'Dragon']",570,223,101,53,97,53,43
929,Necrozma,['Psychic'],600,97,107,101,127,89,79
930,Necrozma Dusk Mane Necrozma,"['Psychic', 'Steel']",680,97,157,127,113,109,77
931,Necrozma Dawn Wings Necrozma,"['Psychic', 'Ghost']",680,97,113,109,157,127,77
932,Necrozma Ultra Necrozma,"['Psychic', 'Dragon']",754,97,167,97,167,97,129
933,Magearna,"['Steel', 'Fairy']",600,80,95,115,130,115,65
934,Marshadow,"['Fighting', 'Ghost']",600,90,125,80,90,90,125
935,Poipole,['Poison'],420,67,73,67,73,67,73
936,Naganadel,"['Poison', 'Dragon']",540,73,73,73,127,73,121
937,Stakataka,"['Rock', 'Steel']",570,61,131,211,53,101,13
938,Blacephalon,"['Fire', 'Ghost']",570,53,127,53,151,79,107
939,Zeraora,['Electric'],600,88,112,75,102,80,143
941,Melmetal,['Steel'],600,135,143,143,80,65,34
943,Thwackey,['Grass'],420,70,85,70,55,60,80
944,Rillaboom,['Grass'],530,100,125,90,60,70,85
946,Raboot,['Fire'],420,65,86,60,55,60,94
947,Cinderace,['Fire'],530,80,116,75,65,75,119
949,Drizzile,['Water'],420,65,60,55,95,55,90
950,Inteleon,['Water'],530,70,85,65,125,65,120
951,Skwovet,['Normal'],275,70,55,55,35,35,25
952,Greedent,['Normal'],460,120,95,95,55,75,20
954,Corvisquire,['Flying'],365,68,67,55,43,55,77
955,Corviknight,"['Flying', 'Steel']",495,98,87,105,53,85,67
958,Orbeetle,"['Bug', 'Psychic']",505,60,45,110,80,120,90
960,Thievul,['Dark'],455,70,58,58,87,92,90
962,Eldegoss,['Grass'],460,60,50,90,80,120,60
964,Dubwool,['Normal'],490,72,80,100,60,90,88
966,Drednaw,"['Water', 'Rock']",485,90,115,90,48,68,74
967,Yamper,['Electric'],270,59,45,50,40,50,26
968,Boltund,['Electric'],490,69,90,60,90,60,121
970,Carkol,"['Rock', 'Fire']",410,80,60,90,60,70,50
971,Coalossal,"['Rock', 'Fire']",510,110,80,120,80,90,30
973,Flapple,"['Grass', 'Dragon']",485,70,110,80,95,60,70
974,Appletun,"['Grass', 'Dragon']",485,110,85,80,100,80,30
975,Silicobra,['Ground'],315,52,57,75,35,50,46
976,Sandaconda,['Ground'],510,72,107,125,65,70,71
977,Cramorant,"['Flying', 'Water']",475,70,85,55,85,95,85
979,Barraskewda,['Water'],490,61,123,60,60,50,136
981,Toxtricity Low Key Form,"['Electric', 'Poison']",502,75,98,70,114,70,75
982,Toxtricity Amped Form,"['Electric', 'Poison']",502,75,98,70,114,70,75
984,Centiskorch,"['Fire', 'Bug']",525,100,115,65,90,90,65
986,Grapploct,['Fighting'],480,80,118,90,70,80,42
988,Polteageist,['Ghost'],508,60,65,65,134,114,70
990,Hattrem,['Psychic'],370,57,40,65,86,73,49
991,Hatterene,"['Psychic', 'Fairy']",510,57,90,95,136,103,29
993,Morgrem,"['Dark', 'Fairy']",370,65,60,45,75,55,70
994,Grimmsnarl,"['Dark', 'Fairy']",510,95,120,65,95,75,60
995,Obstagoon,"['Dark', 'Normal']",520,93,90,101,60,81,95
996,Perrserker,['Steel'],440,70,110,100,50,60,50
997,Cursola,['Ghost'],510,60,95,50,145,130,30
998,Sirfetch'd,['Fighting'],507,62,135,95,68,82,65
999,Mr. Rime,"['Psychic', 'Ice']",520,80,85,75,110,100,70
1000,Runerigus,"['Ground', 'Ghost']",483,58,95,145,50,105,30
1002,Alcremie,['Fairy'],495,65,60,75,110,121,64
1003,Falinks,['Fighting'],470,65,100,100,70,60,75
1006,Frosmoth,"['Ice', 'Bug']",475,70,65,60,125,90,65
1007,Stonjourner,['Rock'],470,100,125,135,20,20,70
1008,Eiscue Ice Face,['Ice'],470,75,80,110,65,90,50
1009,Eiscue Noice Face,['Ice'],470,75,80,70,65,50,130
1010,Indeedee Male,"['Psychic', 'Normal']",475,60,65,55,105,95,95
1011,Indeedee Female,"['Psychic', 'Normal']",475,70,55,65,95,105,85
1012,Morpeko Full Belly Mode,"['Electric', 'Dark']",436,58,95,58,70,58,97
1013,Morpeko Hangry Mode,"['Electric', 'Dark']",436,58,95,58,70,58,97
1014,Cufant,['Steel'],330,72,80,49,40,49,40
1015,Copperajah,['Steel'],500,122,130,69,80,69,30
1016,Dracozolt,"['Electric', 'Dragon']",505,90,100,90,80,70,75
1017,Arctozolt,"['Electric', 'Ice']",505,90,100,90,90,80,55
1018,Dracovish,"['Water', 'Dragon']",505,90,90,100,70,80,75
1019,Arctovish,"['Water', 'Ice']",505,90,90,100,80,90,55
1020,Duraludon,"['Steel', 'Dragon']",535,70,95,115,120,50,85
1022,Drakloak,"['Dragon', 'Ghost']",410,68,80,50,60,50,102
1023,Dragapult,"['Dragon', 'Ghost']",600,88,120,75,100,75,142
1024,Zacian Crowned Sword,"['Fairy', 'Steel']",720,92,170,115,80,115,148
1025,Zacian Hero of Many Battles,['Fairy'],670,92,130,115,80,115,138
1026,Zamazenta Crowned Shield,"['Fighting', 'Steel']",720,92,130,145,80,145,128
1027,Zamazenta Hero of Many Battles,['Fighting'],670,92,130,115,80,115,138
1028,Eternatus,"['Poison', 'Dragon']",690,140,85,95,145,95,130
1029,Eternatus Eternamax,"['Poison', 'Dragon']",1125,255,115,250,125,250,130
1030,Kubfu,['Fighting'],385,60,90,60,53,50,72
1031,Urshifu Single Strike Style,"['Fighting', 'Dark']",550,100,130,100,63,60,97
1032,Urshifu Rapid Strike Style,"['Fighting', 'Water']",550,100,130,100,63,60,97
1033,Zarude,"['Dark', 'Grass']",600,105,120,105,70,95,105
